site,testScore,nwpScore,bw_testScore,bw_nwpScore
site2/,0.9482718246024229,1.3095650783038808,0,0
site3/,1.210548830723175,1.2565859388144855,3.013950812137756,3.7049240699637527z
site4/,1.0460356008878906,1.2049670299594029,4.049603694787783,5.1268645825687695
site5/,1.57913100404488,1.965796359163088,4.371242762694068,4.314410905817085
site6/,4.891385247856106,4.961090325832552,150.62914932044197,152.14412241153124
site7/,13.969510256156978,14.077640503941103,74.3456710817365,74.82998960142919
site8/,5.722768236958868,5.647783381363235,33.165938735206936,33.057997167974534
